,Site1,Site2,Site3,Site4,Site5,Site6,Site7,Site8,Site9,Site10
0,143.6564897,0,1675.666504,2087.191574,1635.593482,2810.622742,3122.541103,876.2423673,898.3661719,592.6742427
